ID вопроса,Вопрос
1,Как просрочка по «беспроцентному» займу скажется на переплате/ПСК?
2,"Как действовать вкладчику при отзыве лицензии, учитывая лимит безопасной суммы?"
3,Как действовать при оспаривании незаконной продажи долга с учетом установленных сроков ответа на претензии?
4,Как изменился лимит социального вычета на спорт по сравнению с 2022 годом?
5,Чем отличаются сроки обращения за наследством по закону от сроков для налогового имущественного вычета?
6,Почему при высокой долговой нагрузке банк может отказать в новом кредите?
7,Что сделать первым делом при обнаружении мошеннического списания с карты?
8,"Куда обращаться, если заемные деньги ушли мошенникам?"
9,Как с помощью госгарантий повысить шанс одобрения и какую долю кредита они покрывают?
10,Почему вклад безопаснее инвестиций в ценные бумаги?