ID вопроса,Вопрос,Ответы на вопрос
1,Как просрочка по «беспроцентному» займу скажется на переплате/ПСК?,"### Влияние просрочки на переплату и ПСК по ""беспроцентному"" займу

Просрочка по займу, предоставляемому под 0%, не означает отсутствие переплаты. Согласно предоставленным данным, даже небольшая задержка может привести к значительным финансовым последствиям.

1. **Переплата:**
   - В случае просрочки, условие о ""беспроцентном"" займе аннулируется. 
   - На сумму займа начисляются проценты, как правило, в размере 0,8% в день (что эквивалентно 292% годовых).
   - Проценты начисляются не только за период просрочки, но и за весь срок займа с момента его получения. 
   - Помимо этого, может быть начислена неустойка за задержку платежа, как дополнительный штраф. (В примере – 40 ₽).

   *Пример:* Иван взял заем в 20 000 ₽ на 10 дней под 0%. Задержка в 2 дня привела к увеличению суммы долга на 1 960 ₽ (20 000 ₽ x 0,8% x 12 дней + 40 ₽). Итоговая сумма к возврату составила 21 960 ₽.

2. **ПСК (Полная Стоимость Кредита):**
   - ПСК рассчитывается на основе процентной ставки, комиссии и других платежей по кредиту.
   - Просрочка увеличивает общую сумму выплат, следовательно, и ПСК.
   - Первоначально заявленная ПСК для ""беспроцентного"" займа будет значительно ниже фактической ПСК после внесения просрочки.

3. **Кредитная история:**
   - Информация о просрочке передается в бюро кредитных историй и негативно влияет на кредитный рейтинг заемщика.
   - Это усложнит получение кредитов и займов в будущем.

**Вывод:** ""Бесплатный"" заем может оказаться очень дорогим при малейшей просрочке. Важно строго соблюдать сроки погашения, чтобы избежать существенной переплаты и сохранить хорошую кредитную историю.
"
2,"Как действовать вкладчику при отзыве лицензии, учитывая лимит безопасной суммы?","### Действия вкладчика при отзыве лицензии банка

Отзыв лицензии у банка – сложная ситуация для вкладчиков. Однако, существуют четкие механизмы защиты их прав, особенно в части вкладов, подпадающих под действие системы страхования вкладов.

**1. Система страхования вкладов (ССВ)**

*   **Принцип работы:** ССВ гарантирует возврат вкладов вкладчикам в случае отзыва лицензии у банка.
*   **Лимит страхового возмещения:** Существует максимальная сумма, которую ССВ гарантирует возместить одному вкладчику в одном банке.  Важно отметить, что лимит может меняться, поэтому необходимо уточнять актуальную сумму на момент отзыва лицензии.
*   **Что возмещается:**  Возмещению подлежат денежные средства, внесенные во вклад, включая начисленные проценты по состоянию на дату отзыва лицензии.

**2. Действия вкладчика**

*   **Уточните информацию:** Первым делом необходимо убедиться, что банк действительно лишился лицензии. Официальную информацию можно получить на сайте Центрального банка Российской Федерации (Банка России).
*   **Подайте заявление в банк:**  Необходимо обратиться в банк, где находится ваш вклад, с заявлением о выплате возмещения в пределах лимита ССВ. Обычно это можно сделать в самом банке (если он продолжает функционировать в каком-либо формате) или через агентство по страхованию вкладов (АСВ), которое назначается Банком России в качестве временной администрации.
*   **Сроки выплаты:** АСВ обязано начать выплату возмещения в течение установленного срока после получения заявления.  Сроки могут варьироваться, но обычно составляют не более двух недель.
*   **Документы:** Для получения выплаты потребуется предоставить паспорт и документ, подтверждающий наличие вклада (договор вклада, сберегательная книжка и т.п.).
*   **Вклады, превышающие лимит:** Если сумма вклада превышает лимит ССВ, то вкладчик становится кредитором банка и может участвовать в процедуре банкротства для возврата оставшихся средств. Однако, вероятность полного возврата в этом случае значительно ниже и может занять длительное время.

**3. Важные нюансы**

*   **Несколько вкладов в одном банке:** Если у вкладчика в одном банке открыто несколько вкладов, то все они суммируются при расчете страхового возмещения. Если общая сумма превышает лимит, возмещению подлежит только лимитированная сумма.
*   **Вклады, открытые после введения ограничений:** Вклады, открытые в банке после введения ограничений на его деятельность, как правило, не подлежат страхованию.
*    **Выплаты АСВ:** АСВ может осуществлять выплаты не только наличными, но и путем перечисления денежных средств на счет вкладчика в другом банке.

**Пример:**

Вкладчик имеет вклад в размере 200 000 рублей в банке, у которого отозвана лицензия. Лимит ССВ составляет 1 400 000 рублей.  В данном случае, вкладчик получит возмещение в полном объеме – 200 000 рублей.

**Вывод:**

В случае отзыва лицензии у банка, вкладчику необходимо оперативно подать заявление в АСВ для получения возмещения в пределах лимита, установленного системой страхования вкладов. Важно помнить о сроках и необходимых документах. Вклады, превышающие лимит, рассматриваются в рамках процедуры банкротства банка, что сопряжено с риском неполного возврата средств.
"
3,Как действовать при оспаривании незаконной продажи долга с учетом установленных сроков ответа на претензии?,"### Оспаривание незаконной продажи долга

Продажа долга – это уступка кредитором (например, МФО или банком) прав требования по кредитному договору новому кредитору (чаще всего коллекторскому агентству). Оспаривание такой продажи возможно, если она была произведена с нарушениями законодательства. Ниже приведен алгоритм действий с учетом сроков ответа на претензии.

1.  **Установление факта продажи долга:**
    *   Получите официальное уведомление от нового кредитора (коллекторского агентства). В нем должны быть указаны реквизиты договора уступки прав требования.
    *   Запросите у первоначального кредитора (МФО) подтверждение факта продажи долга и копию договора уступки.

2.  **Анализ договора уступки:**
    *   Проверьте, соответствует ли договор уступки требованиям законодательства. Важно обратить внимание на:
        *   Наличие всех необходимых реквизитов.
        *   Правильность указания суммы долга.
        *   Соблюдение процедуры уведомления должника о смене кредитора (первоначальный кредитор обязан уведомить вас о продаже долга).
    *   Если договор составлен с нарушениями, это может быть основанием для оспаривания.

3.  **Подготовка претензии:**
    *   Составьте письменную претензию к новому кредитору (коллекторскому агентству) и первоначальному кредитору (МФО).
    *   В претензии укажите:
        *   Свои ФИО и контактные данные.
        *   Реквизиты кредитного договора.
        *   Основания для оспаривания продажи долга (например, отсутствие уведомления, несоответствие суммы долга, нарушения в договоре уступки).
        *   Требования (например, прекратить начисление процентов, предоставить корректные документы, расторгнуть договор уступки).
        *   Срок для ответа на претензию.

4.  **Сроки ответа на претензию:**
    *   Законодательство не устанавливает единого срока для ответа на претензию по поводу продажи долга. Однако, руководствуясь общими принципами гражданского законодательства и практикой рассмотрения споров, разумным сроком считается **30 дней**.
    *   В контексте предоставленной информации, если речь идет о претензии к МФО по поводу отказа в предоставлении информации или незаконных действий, то МФО обязана ответить в течение **12 дней** после получения полного пакета документов. Этот срок может быть применен и к претензии по продаже долга.

5.  **Действия при отсутствии ответа или отказе в удовлетворении претензии:**
    *   Если в установленный срок ответа на претензию не последовало, или получен отказ в ее удовлетворении, можно обратиться в суд.
    *   При обращении в суд необходимо предоставить:
        *   Копию претензии и доказательство ее отправки (например, квитанцию об отправке заказным письмом с уведомлением о вручении).
        *   Копию кредитного договора.
        *   Копию договора уступки прав требования (если он был получен).
        *   Другие документы, подтверждающие ваши требования.

6.  **Дополнительные рекомендации:**
    *   Сохраняйте все документы, связанные с кредитом и продажей долга.
    *   Внимательно изучайте все получаемые уведомления и требования от коллекторов.
    *   При необходимости обратитесь за юридической консультацией.

**Важно:** В случае остановки перевода или платежа без предупреждения, как указано в контексте, необходимо незамедлительно направить заявление в банк с требованием пересмотреть решение, приложив подтверждающие документы. Банк обязан отреагировать в течение **7 рабочих дней**.

**Вывод:** Оспаривание незаконной продажи долга требует внимательного анализа документов, своевременной подготовки претензий и, при необходимости, обращения в суд. Соблюдение установленных сроков ответа на претензии является важным фактором при защите своих прав.
"
4,Как изменился лимит социального вычета на спорт по сравнению с 2022 годом?,"
### Изменение лимита социального вычета на спорт

Лимит социального вычета, в который включены расходы на спорт, изменился по сравнению с 2022 годом.

*   **В 2022 году и ранее:** Лимит социального вычета составлял 120 000 рублей в год. Соответственно, максимальная сумма НДФЛ, которую можно было вернуть, составляла 15 600 рублей (120 000 рублей * 13%).
*   **С 2024 года:** Лимит социального вычета увеличен до 150 000 рублей в год. Это позволяет вернуть до 19 500 рублей НДФЛ (150 000 рублей * 13%).

Важно отметить, что лимит в 150 000 рублей является общим для всех социальных расходов (обучение, лечение, спорт, благотворительность, страхование и т.д.), а не для каждого из них в отдельности.

**Вывод:** Лимит социального вычета на спорт, как и на другие социальные расходы, увеличился на 30 000 рублей с 2024 года по сравнению с 2022 годом. Это дает возможность вернуть больший размер НДФЛ.
"
5,Чем отличаются сроки обращения за наследством по закону от сроков для налогового имущественного вычета?,"### Сроки обращения за наследством и имущественным налоговым вычетом: основные отличия

Сроки обращения за наследством и получения имущественного налогового вычета регулируются разными нормативными актами и преследуют разные цели, поэтому существенно отличаются.

1. **Сроки обращения за наследством:**
   - Согласно Гражданскому кодексу РФ, наследство необходимо принять в течение **шести месяцев** со дня смерти наследодателя.
   - Если срок пропущен по уважительной причине (например, болезнь, длительное отсутствие), суд может восстановить право на принятие наследства, но это требует дополнительных процедур и доказательств.
   - После принятия наследства необходимо оформить соответствующие документы в нотариальной палате.

2. **Сроки обращения за имущественным налоговым вычетом:**
   - **Ограничений по времени для подачи заявления на имущественный вычет нет.**  Вычет можно оформить в любое время после приобретения имущества, например, после покупки жилья.
   - Однако, **возврат налога возможен только за 3 последних года**, за которые уплачивался подоходный налог (НДФЛ). Это означает, что чем раньше вы обратитесь за вычетом после покупки, тем большую сумму налога сможете вернуть.
   - Сроки проверки документов ФНС составляют **3 месяца**.
   - Перечисление денежных средств на счет налогоплательщика осуществляется **не позднее чем через месяц** после окончания проверки документов.

**Пример:**

*   Если вы приобрели квартиру в 2023 году, вы можете оформить имущественный вычет в 2024, 2025, 2026 и т.д., но вернуть сможете только НДФЛ, уплаченный за 2021, 2022 и 2023 годы (или последующие три года).

**Вывод:**

Сроки для принятия наследства жестко регламентированы и ограничены шестью месяцами со дня смерти наследодателя. В то же время, для оформления имущественного налогового вычета ограничений по времени нет, однако есть ограничение на возврат НДФЛ за прошедшие три года. Также, сроки обработки заявления и перечисления средств также различны для этих процедур.
"
6,Почему при высокой долговой нагрузке банк может отказать в новом кредите?,"### Отказ в кредите при высокой долговой нагрузке

Высокая долговая нагрузка – одна из наиболее распространенных причин отказа в выдаче кредита. Банки оценивают заемщиков с целью минимизации рисков невозврата кредитных средств. Значительная кредитная нагрузка указывает на увеличение этих рисков.

**1. Оценка долговой нагрузки:**

*   **Коэффициент долговой нагрузки (Debt Service Coverage Ratio, DSCR):** Банки рассчитывают DSCR, чтобы оценить, какую часть доходов заемщик тратит на погашение долгов. Этот коэффициент показывает, хватит ли у заемщика средств для обслуживания новых обязательств. Высокий DSCR свидетельствует о низкой долговой нагрузке и, следовательно, о меньшем риске невыплаты.
*   **Соотношение долга к доходу (Debt-to-Income Ratio, DTI):** Этот показатель демонстрирует, какая часть ежемесячного дохода уходит на погашение всех долгов. Чем выше DTI, тем сложнее заемщику обслуживать свои обязательства, и тем выше риск дефолта.

**2. Причины отказа:**

*   **Риск неплатежеспособности:** Высокая долговая нагрузка снижает финансовую устойчивость заемщика. Возникает вероятность, что в случае непредвиденных обстоятельств (потеря работы, болезнь и т.д.) он не сможет вовремя выполнять свои обязательства перед банком.
*   **Снижение кредитоспособности:** Наличие большого количества кредитов и регулярные платежи по ним могут негативно сказаться на кредитной истории заемщика, даже если платежи вносятся вовремя. Это может привести к снижению кредитного рейтинга и, как следствие, к отказу в выдаче нового кредита.
*   **Несоответствие требованиям банка:** У каждого банка есть свои внутренние нормативы и требования к уровню долговой нагрузки заемщиков. Если фактическая долговая нагрузка превышает установленные лимиты, в кредите будет отказано.
*   **Ограниченный остаток дохода:**  При высокой долговой нагрузке у заемщика остается меньше средств на текущие расходы и непредвиденные ситуации. Это повышает риск просрочек и дефолта.

**3. Что делать в случае отказа:**

*   **Погасить часть существующих долгов:** Уменьшение долговой нагрузки улучшит вашу кредитоспособность и повысит шансы на получение нового кредита.
*   **Увеличить доход:**  Увеличение доходов также улучшит финансовое положение и повысит DSCR и DTI.
*   **Обратиться в другие банки:** Разные банки имеют разные требования к заемщикам. Возможно, в другом финансовом учреждении ваша заявка будет одобрена.
*   **Рассмотреть государственные программы поддержки:** Как указано в контексте, МСП.РФ может предложить более выгодные условия кредитования, включая льготные программы с государственной поддержкой.

**Итог:**

Банки отказывают в выдаче кредита при высокой долговой нагрузке из-за повышенного риска невозврата средств. Оценка долговой нагрузки является ключевым фактором при принятии решения о выдаче кредита. Уменьшение долговой нагрузки и увеличение доходов могут улучшить вашу кредитоспособность и повысить шансы на получение финансирования.
"
7,Что сделать первым делом при обнаружении мошеннического списания с карты?,"### Первые действия при мошенническом списании с карты

При обнаружении несанкционированного списания средств с карты необходимо действовать оперативно и последовательно. 

1. **Немедленно заблокируйте карту.** Это можно сделать несколькими способами:
   *   Через мобильное приложение банка.
   *   Позвонив в банк по номеру телефона, указанному на карте или на официальном сайте.
   *   Обратившись в отделение банка лично.
2. **Заблокируйте дистанционный доступ к счетам.** Если вы раскрыли логины и пароли от интернет-банка или мобильного приложения, необходимо немедленно сменить пароли и/или заблокировать доступ к личному кабинету.
3. **Сообщите в банк о произошедшем.** Обязательно уведомите банк о мошенническом списании. Банк зафиксирует факт мошенничества и начнет внутреннее расследование. Важно предоставить банку всю имеющуюся информацию о подозрительной операции.
4. **Обратитесь в правоохранительные органы.** Напишите заявление в полицию о мошенничестве. Предоставьте копию заявления в банк.
5. **Сохраните все подтверждающие документы.** Скриншоты СМС-сообщений, выписки по счету, переписку с банком – все это может пригодиться для расследования.

Важно помнить, что банк имеет право приостановить сомнительную операцию и заблокировать карту, чтобы защитить ваши средства. Банк свяжется с вами для подтверждения операции. Будьте внимательны и не поддавайтесь на провокации мошенников.

**Вывод:**

Главное – скорость и последовательность действий. Чем быстрее вы заблокируете карту и сообщите в банк и полицию, тем больше шансов вернуть свои деньги и предотвратить дальнейшие злоупотребления.
"
8,"Куда обращаться, если заемные деньги ушли мошенникам?","
### Куда обращаться при мошенничестве с заемными средствами

В случае, если вы стали жертвой мошенничества и потеряли заемные средства, необходимо действовать оперативно и последовательно. Важно понимать, что шансы на возврат средств невелики, но предпринять попытки стоит.

1.  **Обращение в правоохранительные органы:**
    *   Немедленно обратитесь в полицию с заявлением о мошенничестве (ст. 159 УК РФ). Предоставьте все имеющиеся доказательства: переписку, скриншоты, квитанции об оплате, реквизиты получателя средств и любую другую информацию, которая может помочь в расследовании.
    *   Помните, что полиция может начать проверку, но не гарантирует возврат средств.
2.  **Обращение в банк:**
    *   Если вы совершали платеж банковской картой, немедленно заблокируйте карту и обратитесь в банк с заявлением о спорной операции. Банк может провести расследование и, в некоторых случаях, вернуть часть средств, если платеж был совершен с нарушением правил безопасности (например, с использованием украденных данных).
    *   Предоставьте банку копию заявления в полицию и все имеющиеся доказательства мошенничества.
3.  **Обращение к кредитору (если заем был взят):**
    *   Сообщите кредитору о случившемся. Кредитор может предоставить консультацию и, возможно, предложить варианты решения проблемы (например, реструктуризацию долга).
    *   Предоставьте кредитору копию заявления в полицию и другие документы, подтверждающие факт мошенничества.
4.  **Обращение в сервисы бронирования (если применимо):**
    *   Если мошенничество связано с бронированием отеля или другого жилья через сервис бронирования, обратитесь в службу поддержки сервиса.
    *   Предоставьте доказательства мошенничества и следуйте инструкциям сервиса для получения компенсации (если это предусмотрено правилами сервиса).
5.  **Обращение к юристу:**
    *   Проконсультируйтесь с юристом, специализирующимся на финансовых спорах и мошенничестве. Юрист поможет оценить ваши шансы на возврат средств, подготовить необходимые документы и представлять ваши интересы в суде.

**Важно помнить:**

*   Сохраняйте все документы, связанные с мошенничеством.
*   Не удаляйте переписку и другие доказательства.
*   Будьте осторожны и не доверяйте незнакомым людям, предлагающим выгодные инвестиции или услуги.
*   Всегда проверяйте информацию о компаниях и организациях, прежде чем совершать платежи.
*   Не переходите на сторонние площадки для оплаты, используйте только защищенные сервисы.

**Вывод:**

В случае мошенничества с заемными средствами необходимо действовать быстро и комплексно, обращаясь в правоохранительные органы, банк, кредитора и, при необходимости, к юристу. Шансы на возврат средств могут быть невелики, но предпринять все возможные меры необходимо.
"
9,Как с помощью госгарантий повысить шанс одобрения и какую долю кредита они покрывают?,"### Госгарантии как способ повышения шансов на одобрение кредита

Государственные гарантии – это механизм, направленный на стимулирование кредитования, особенно малого и среднего бизнеса. Они повышают привлекательность заемщика для кредитора, снижая риски невозврата кредитных средств.

**Как госгарантии повышают шансы на одобрение:**

*   **Снижение риска для кредитора:** Государственная гарантия выступает в качестве дополнительного источника погашения долга. В случае неплатежеспособности заемщика, государство обязуется выплатить кредитору гарантированную сумму. Это делает кредитора более уверенным в возврате средств, что увеличивает вероятность одобрения заявки на кредит.
*   **Доступность кредита:** Для предпринимателей, которые не имеют достаточного обеспечения или кредитной истории, государственная гарантия может стать единственным способом получить доступ к финансированию.
*   **Улучшение условий кредитования:** Получение государственной гарантии может способствовать снижению процентной ставки по кредиту и увеличению срока кредитования.

**Доля кредита, покрываемая гарантией:**

Доля кредита, покрываемая государственной гарантией, может варьироваться в зависимости от конкретной программы и региона гарантийной организации (РГО). Как правило, гарантия покрывает **значительную часть** кредита, но не 100%. Часто гарантия может составлять **от 50% до 70%** от суммы займа. 

Например, если заемщик получает кредит на сумму 1 000 000 рублей, а гарантийная организация предоставляет гарантию в размере 60%, то в случае неплатежеспособности заемщика кредитор сможет вернуть 600 000 рублей за счет гарантии. Оставшиеся 400 000 рублей будут взысканы с заемщика (или его обеспечения, если таковое имеется).

Для получения информации о конкретном размере гарантии, необходимо обращаться в РГО вашего региона или ознакомиться с условиями соответствующих государственных программ поддержки малого и среднего бизнеса.

**Итог:**

Государственные гарантии — эффективный инструмент повышения вероятности одобрения кредита, особенно для субъектов малого и среднего предпринимательства. Они снижают риски для кредиторов и делают финансирование более доступным, покрывая значительную часть суммы займа.
"
10,Почему вклад безопаснее инвестиций в ценные бумаги?,"

### Безопасность вкладов vs. Инвестиций в ценные бумаги

Вклад и инвестиции в ценные бумаги – это разные финансовые инструменты с различным уровнем риска и потенциальной доходности. Вклад, как правило, считается более безопасным, чем инвестиции в ценные бумаги, по следующим причинам:

1.  **Страхование вкладов:** В большинстве стран, включая Россию, действует система страхования вкладов. Это означает, что государство гарантирует возврат определенной суммы вкладов (в России – до 1,4 млн рублей) в случае банкротства банка. Таким образом, вкладчик защищен от потери своих средств в пределах застрахованной суммы.
2.  **Приоритет при выплатах:** В случае банкротства банка, вкладчики имеют приоритет при получении выплат по сравнению с другими кредиторами (как указано в предоставленном контексте). Сначала выплаты получают вкладчики с суммами, превышающими лимит страхования, затем сотрудники банка по зарплате, и только потом остальные кредиторы.
3.  **Фиксированная доходность (в большинстве случаев):** Вклады часто предлагают фиксированную процентную ставку на определенный срок. Это позволяет вкладчику заранее знать, какой доход он получит.
4.  **Низкий уровень риска:** Вклады, особенно те, которые застрахованы государством, считаются низкорискованными инструментами.

В отличие от вкладов, инвестиции в ценные бумаги (акции, облигации и т.д.) не имеют такой защиты.

1.  **Риск потери капитала:** Стоимость ценных бумаг может колебаться в зависимости от рыночной конъюнктуры, финансовых показателей компании-эмитента и других факторов. Инвестор может потерять часть или даже всю сумму инвестиций.
2.  **Отсутствие гарантий:** Нет гарантий, что инвестиции принесут ожидаемый доход.
3.  **Более низкий приоритет при банкротстве:** В случае банкротства компании-эмитента ценных бумаг, инвесторы имеют более низкий приоритет при получении выплат по сравнению с кредиторами банка (как указано в предоставленном контексте).

**Пример:**

Предположим, вы вложили 100 000 рублей в банковский вклад, застрахованный государством, и 100 000 рублей в акции компании. Если банк, в котором вы открыли вклад, обанкротится, вы получите обратно 100 000 рублей (в пределах страховой суммы). Если же компания, акции которой вы приобрели, обанкротится, вы можете потерять часть или все свои инвестиции.

**Вывод:**

Вклад, особенно застрахованный государством, является более безопасным финансовым инструментом, чем инвестиции в ценные бумаги. Однако, потенциальная доходность по вкладам обычно ниже, чем по инвестициям в ценные бумаги. Выбор между вкладом и инвестициями зависит от вашей толерантности к риску и финансовых целей.
"
